<?xml version="1.0" encoding="utf-8"?>
<clothingItem>
	<m_MaleModel>Skinned\Clothes\MyFirstJacket</m_MaleModel>
	<m_FemaleModel>Skinned\Clothes\MyFirstJacket</m_FemaleModel>
	<m_GUID>6323458d-94a0-4526-9147-7c3cc24b4704</m_GUID>
	<m_Static>false</m_Static>
	<m_AllowRandomHue>false</m_AllowRandomHue>
	<m_AllowRandomTint>false</m_AllowRandomTint>
	<m_AttachBone></m_AttachBone>
	<m_Masks>13</m_Masks>
	<m_Masks>14</m_Masks>
	<m_Masks>3</m_Masks>
	<m_Masks>5</m_Masks>
	<textureChoices>Clothes\Jacketpadded\WhiteTexture</textureChoices>
</clothingItem>